<?xml version="1.0" encoding="UTF-8"?>
<project-private xmlns="http://www.netbeans.org/ns/project-private/1">
    <editor-bookmarks xmlns="http://www.netbeans.org/ns/editor-bookmarks/2" lastBookmarkId="0"/>
    <open-files xmlns="http://www.netbeans.org/ns/projectui-open-files/2">
        <group>
            <file>file:/C:/Users/Administrator/Documents/NetBeansProjects/YPD/web/match.jsp</file>
            <file>file:/C:/Users/Administrator/Documents/NetBeansProjects/YPD/web/index.jsp</file>
            <file>file:/C:/Users/Administrator/Documents/NetBeansProjects/YPD/web/CSS/general_elements.css</file>
            <file>file:/C:/Users/Administrator/Documents/NetBeansProjects/YPD/web/Success.jsp</file>
            <file>file:/C:/Users/Administrator/Documents/NetBeansProjects/YPD/web/sub_elements/common_source.jsp</file>
            <file>file:/C:/Users/Administrator/Documents/NetBeansProjects/YPD/web/js/Tips.js</file>
            <file>file:/C:/Users/Administrator/Documents/NetBeansProjects/YPD/web/Failed.jsp</file>
            <file>file:/C:/Users/Administrator/Documents/NetBeansProjects/YPD/web/sub_elements/footer.jsp</file>
            <file>file:/C:/Users/Administrator/Documents/NetBeansProjects/YPD/web/WEB-INF/src/YPD/Model/acc/Update.java</file>
            <file>file:/C:/Users/Administrator/Documents/NetBeansProjects/YPD/web/Account.jsp</file>
            <file>file:/C:/Users/Administrator/Documents/NetBeansProjects/YPD/web/WEB-INF/src/YPD/Controller/AccController.java</file>
            <file>file:/C:/Users/Administrator/Documents/NetBeansProjects/YPD/web/js/Debug.js</file>
            <file>file:/C:/Users/Administrator/Documents/NetBeansProjects/YPD/web/WEB-INF/src/fragments/list_manager.jspf</file>
            <file>file:/C:/Users/Administrator/Documents/NetBeansProjects/YPD/web/WEB-INF/src/YPD/Model/acc/Verification.java</file>
            <file>file:/C:/Users/Administrator/Documents/NetBeansProjects/YPD/web/WEB-INF/src/fragments/MyTag.jspf</file>
        </group>
    </open-files>
</project-private>
